field_pid,node_id
ir:25739,22
ir:11496,23
ir:14608,24
ir:ir-batch6-3481,25
ir:ir-batch6-4839,26
ir:25030,27
ir:ir-batch6-5840,28
ir:21518,29
ir:1371,30
ir:25867,31
ir:2574,32
ir:ir-batch6-2496,33
ir:16079,34
ir:ir-batch6-1532,35
ir:1792,36
ir:21443,37
ir:21488,38
ir:ir-batch6-1303,39
ir:ir-batch6-4384,40
ir:9849,41
ir:9070,42
ir:ir-batch6-3705,43
ir:ir-batch6-3856,44
ir:2658,45
ir:15023,46
ir:4562,47
ir:21195,48
ir:25601,49
ir:11016,50
ir:23741,51
ir:1096,52
ir:20686,53
ir:478,54
ir:22738,55
ir:24544,56
ir:1612,57
ir:10491,58
ir:22985,59
ir:24796,60
ir:ir-batch6-2654,61
ir:6022,62
ir:23374,63
ir:24037,64
ir:ir-batch6-2150,65
ir:20275,66
ir:ir-batch6-1097,67
ir:ir-batch6-3620,68
ir:22300,69
ir:ir-batch6-5760,70
ir:1086,71
ir:24412,72
ir:9274,73
ir:2648,74
ir:4218,75
ir:25118,76
ir:24665,77
ir:20449,78
ir:ir-batch6-494,79
ir:ir-batch6-1950,80
ir:21681,81
ir:1782,82
ir:21391,83
ir:2645,84
ir:24606,85
ir:23702,86
ir:ir-batch6-308,87
ir:ir-batch6-2861,88
ir:ir-batch6-4989,89
ir:ir-batch6-618,90
ir:ir-batch6-4921,91
ir:ir-batch6-2802,92
ir:ir-batch6-2751,93
ir:ir-batch6-1386,94
ir:ir-batch6-3042,95
ir:ir-batch6-5668,96
ir:4521,97
ir:ir-batch6-2055,98
ir:21929,99
ir:23897,100
ir:ir-batch6-1960,101
ir:ir-batch6-3235,102
ir:ir-batch6-4176,103
ir:21252,104
ir:1493,105
ir:2233,106
ir:13842,107
ir:ir-batch6-1275,108
ir:ir-batch6-2160,109
ir:ir-batch6-873,110
ir:ir-batch13-124,111
ir:ir-batch6-1623,112
ir:12454,113
ir:8039,114
ir:82,115
ir:23506,116
ir:22856,117
ir:21473,118
ir:ir-batch6-315,119
ir:ir-batch6-1640,120
ir:ir-batch6-2297,121
ir:25389,122
ir:ir-batch6-938,123
ir:4531,124
ir:ir-batch6-3738,125
ir:10225,126
ir:ir-batch6-3099,127
ir:23841,128
ir:20407,129
ir:ir-batch6-3031,130
ir:15779,131
ir:ir-batch6-5461,132
ir:ir-batch6-3589,133
ir:25480,134
ir:10756,135
ir:25428,136
ir:22481,137
ir:20597,138
ir:ir-batch6-863,139
ir:ir-batch6-730,140
ir:23359,141
ir:ir-batch6-529,142
ir:ir-batch6-1716,143
ir:2223,144
ir:1322,145
ir:ir-batch6-6183,146
ir:ir-batch6-4585,147
ir:20551,148
ir:707,149
ir:2796,150
ir:23772,151
ir:24918,152
ir:ir-batch6-2811,153
ir:ir-batch6-668,154
ir:ir-batch6-2789,155
ir:ir-batch6-2721,156
ir:25902,157
ir:24452,158
ir:ir-batch6-5172,159
ir:ir-batch6-2025,160
ir:ir-batch6-6073,161
ir:ir-batch6-665,162
ir:21103,163
ir:ir-batch6-5676,164
ir:ir-batch6-4475,165
ir:10032,166
ir:24625,167
ir:20988,168
ir:ir-batch6-1828,169
ir:23624,170
ir:ir-batch6-4807,171
ir:15146,172
ir:22386,173
ir:ir-batch6-1718,174
ir:4179,175
ir:ir-batch6-3370,176
ir:2753,177
ir:ir-batch6-733,178
ir:9405,179
ir:2800,180
ir:5939,181
ir:1156,182
ir:ir-batch6-1776,183
ir:5609,184
ir:25859,185
ir:ir-batch6-4792,186
ir:ir-batch6-3745,187
ir:ir-batch6-3816,188
ir:ir-batch13-154,189
ir:22265,190
ir:ir-batch6-5605,191
ir:ir-batch6-1429,192
ir:ir-batch6-1320,193
ir:10293,194
ir:22883,195
ir:21617,196
ir:12320,197
ir:23008,198
ir:ir-batch6-5411,199
ir:22848,200
ir:ir-batch6-1385,201
ir:13771,202
ir:ir-batch6-1856,203
ir:2788,204
ir:24898,205
ir:6715,206
ir:4313,207
ir:14451,208
ir:2785,209
ir:22144,210
ir:ir-batch6-4596,211
ir:5677,212
ir:ir-batch6-1838,213
ir:1331,214
ir:9418,215
ir:24798,216
ir:ir-batch6-1246,217
ir:9425,218
ir:ir-batch6-770,219
ir:ir-batch6-1866,220
ir:ir-batch10-119,221
ir:20218,222
ir:12225,223
ir:ir-batch6-2347,224
ir:ir-batch6-1542,225
ir:176,226
ir:ir-batch6-5656,227
ir:7160,228
ir:1530,229
ir:9510,230
ir:ir-batch6-2066,231
ir:1781,232
ir:ir-batch6-648,233
ir:3483,234
ir:ir-batch6-4622,235
ir:22293,236
ir:5018,237
ir:ir-batch6-4351,238
ir:21337,239
ir:23221,240
ir:ir-batch6-2852,241
ir:247,242
ir:4454,243
ir:ir-batch9-117,244
ir:24295,245
ir:ir-batch6-4859,246
ir:24081,247
ir:25792,248
ir:23981,249
ir:4459,250
ir:ir-batch6-3192,251
ir:ir-batch6-2391,252
ir:ir-batch6-3482,253
ir:25523,254
ir:ir-batch6-383,255
ir:ir-batch6-3512,256
ir:24618,257
ir:25371,258
ir:11566,259
ir:1585,260
ir:25312,261
ir:2656,262
ir:13954,263
ir:9881,264
ir:23046,265
ir:1053,266
ir:23784,267
ir:ir-batch6-5646,268
ir:ir-batch6-5915,269
ir:20620,270
ir:ir-batch6-330,271
ir:22253,272
ir:ir-batch6-4120,273
ir:ir-batch6-2892,274
ir:ir-batch6-2769,275
ir:6926,276
ir:ir-batch6-491,277
ir:15526,278
ir:ir-batch6-147,279
ir:ir-batch6-1102,280
ir:ir-batch6-1668,281
ir:ir-batch6-4495,282
ir:1741,283
ir:23754,284
ir:14084,285
ir:11651,286
ir:787,287
ir:10452,288
ir:ir-batch6-825,289
ir:ir-batch6-3335,290
ir:2716,291
ir:ir-batch6-2697,292
ir:24865,293
ir:16061,294
ir:22925,295
ir:ir-batch6-3494,296
ir:22366,297
ir:ir-batch6-1092,298
ir:23165,299
ir:ir-batch6-4505,300
ir:15470,301
ir:ir-batch6-4842,302
ir:ir-batch6-5002,303
ir:25721,304
ir:4328,305
ir:21847,306
ir:ir-batch6-562,307
ir:ir-batch6-2322,308
ir:ir-batch6-4889,309
ir:23312,310
ir:ir-batch6-2632,311
ir:ir-batch6-1527,312
ir:1751,313
ir:12306,314
ir:21652,315
ir:ir-batch6-5454,316
ir:21699,317
ir:20432,318
ir:1058,319
ir:21631,320
ir:7672,321
ir:25473,322
ir:24670,323
ir:22863,324
ir:21135,325
ir:ir-batch6-4381,326
ir:ir-batch6-1926,327
ir:ir-batch6-4420,328
ir:24179,329
ir:ir-batch6-1365,330
ir:ir-batch6-2070,331
ir:ir-batch6-2332,332
ir:21214,333
ir:ir-batch6-4831,334
ir:23302,335
ir:ir-batch6-3421,336
ir:ir-batch6-4701,337
ir:ir-batch6-3152,338
ir:22318,339
ir:22935,340
ir:24875,341
ir:ir-batch6-276,342
ir:ir-batch6-5826,343
ir:ir-batch6-5775,344
ir:ir-batch6-835,345
ir:15979,346
ir:24502,347
ir:ir-batch6-3990,348
ir:21734,349
ir:ir-batch14-101,350
ir:ir-batch6-4794,351
ir:ir-batch6-1569,352
ir:ir-batch6-246,353
ir:ir-batch6-3956,354
ir:ir-batch6-5875,355
ir:24845,356
ir:24396,357
ir:ir-batch6-6261,358
ir:22004,359
ir:20678,360
ir:1761,361
ir:ir-batch6-2040,362
ir:ir-batch6-5303,363
ir:26094,364
ir:15568,365
ir:ir-batch6-4025,366
ir:25566,367
ir:22976,368
ir:20733,369
ir:ir-batch6-4028,370
ir:22431,371
ir:20544,372
ir:1496,373
ir:ir-batch6-3873,374
ir:13911,375
ir:22843,376
ir:15578,377
ir:23279,378
ir:ir-batch6-3591,379
ir:23570,380
ir:ir-batch6-4110,381
ir:22888,382
ir:ir-batch6-1906,383
ir:23764,384
ir:10230,385
ir:21118,386
ir:1841,387
ir:20412,388
ir:22432,389
ir:9934,390
ir:20524,391
ir:24708,392
ir:ir-batch6-3402,393
ir:508,394
ir:ir-batch6-5589,395
ir:2780,396
ir:22451,397
ir:23190,398
ir:8940,399
ir:24215,400
ir:23694,401
ir:ir-batch6-5805,402
ir:9319,403
ir:ir-batch6-4307,404
ir:624,405
ir:21671,406
ir:25627,407
ir:1821,408
ir:20162,409
ir:25337,410
ir:20608,411
ir:ir-batch12-147,412
ir:22886,413
ir:357,414
ir:9752,415
ir:12484,416
ir:24139,417
ir:22713,418
ir:1505,419
ir:9546,420
ir:22203,421
ir:14561,422
ir:ir-batch6-3592,423
ir:23573,424
ir:ir-batch6-5594,425
ir:ir-batch6-755,426
ir:ir-batch6-3316,427
ir:21540,428
ir:ir-batch6-4036,429
ir:894,430
ir:ir-batch6-1019,431
ir:1485,432
ir:24880,433
ir:ir-batch6-2408,434
ir:ir-batch6-2362,435
ir:1634,436
ir:14449,437
ir:ir-batch6-1504,438
ir:24330,439
ir:ir-batch6-1646,440
ir:ir-batch6-2729,441
ir:ir-batch6-169,442
ir:ir-batch6-1494,443
ir:23209,444
ir:9294,445
ir:24910,446
ir:25150,447
ir:21312,448
ir:24685,449
ir:1852,450
ir:21602,451
ir:21661,452
ir:634,453
ir:ir-batch6-1628,454
ir:21371,455
ir:21136,456
ir:3123,457
ir:ir-batch6-2881,458
ir:1546,459
ir:15252,460
ir:ir-batch6-2563,461
ir:ir-batch6-4349,462
ir:22054,463
ir:ir-batch6-3574,464
ir:9842,465
ir:ir-batch6-5124,466
ir:20390,467
ir:1090,468
ir:1289,469
ir:14865,470
ir:25036,471
ir:20509,472
ir:ir-batch6-1029,473
ir:ir-batch6-706,474
ir:22606,475
ir:6039,476
ir:ir-batch6-2125,477
ir:10151,478
ir:4355,479
ir:21003,480
ir:ir-batch6-4575,481
ir:ir-batch6-5825,482
ir:24238,483
ir:9977,484
ir:24599,485
ir:ir-batch6-5011,486
ir:ir-batch6-3383,487
ir:25927,488
ir:ir-batch6-396,489
ir:ir-batch6-4186,490
ir:10770,491
ir:14745,492
ir:947,493
ir:10886,494
ir:13468,495
ir:3150,496
ir:23791,497
ir:ir-batch6-4433,498
ir:5073,499
ir:ir-batch6-492,500
ir:24373,501
ir:24930,502
ir:8826,503
ir:ir-batch6-502,504
ir:23999,505
ir:ir-batch6-778,506
ir:ir-batch6-1285,507
ir:ir-batch6-3451,508
ir:24808,509
ir:538,510
ir:ir-batch6-848,511
ir:ir-batch6-2962,512
ir:25741,513
ir:23601,514
ir:24756,515
ir:22616,516
ir:11480,517
ir:ir-batch6-826,518
ir:24735,519
ir:11389,520
ir:535,521
ir:ir-batch6-845,522
ir:20830,523
ir:15646,524
ir:25007,525
ir:14697,526
ir:1380,527
ir:ir-batch6-4037,528
ir:ir-batch6-1201,529
ir:ir-batch6-1711,530
ir:ir-batch6-3607,531
ir:23330,532
ir:5109,533
ir:2588,534
ir:ir-batch6-5088,535
ir:23181,536
ir:ir-batch6-1076,537
ir:26106,538
ir:23011,539
ir:22578,540
ir:ir-batch6-3861,541
ir:ir-batch6-2818,542
ir:1577,543
ir:4558,544
ir:ir-batch6-2290,545
ir:8227,546
ir:15773,547
ir:22065,548
ir:ir-batch6-2746,549
ir:20309,550
ir:23825,551
ir:23846,552
ir:11780,553
ir:9743,554
ir:346,555
ir:ir-batch6-1066,556
ir:23653,557
ir:ir-batch6-4723,558
ir:263,559
ir:22649,560
ir:22359,561
ir:20525,562
ir:25564,563
ir:ir-batch6-5095,564
ir:23157,565
ir:ir-batch6-1762,566
ir:ir-batch6-1899,567
ir:1452,568
ir:1338,569
ir:21179,570
ir:21613,571
ir:ir-batch6-1381,572
ir:11099,573
ir:24425,574
ir:25975,575
ir:25122,576
ir:918,577
ir:ir-batch7-100,578
ir:12381,579
ir:21117,580
ir:ir-batch6-3048,581
ir:ir-batch6-2589,582
ir:5290,583
ir:24652,584
ir:3378,585
ir:ir-batch6-5135,586
ir:ir-batch6-6220,587
ir:23805,588
ir:ir-batch6-1473,589
ir:23735,590
ir:ir-batch6-1100,591
ir:22536,592
ir:ir-batch6-6243,593
ir:ir-batch6-1314,594
ir:3132,595
ir:ir-batch6-4393,596
ir:ir-batch6-1957,597
ir:ir-batch6-458,598
ir:ir-batch6-1667,599
ir:ir-batch6-2062,600
ir:25402,601
ir:23373,602
ir:23663,603
ir:23998,604
ir:21561,605
ir:ir-batch6-5857,606
ir:ir-batch6-3186,607
ir:22364,608
ir:21071,609
ir:ir-batch6-5704,610
ir:4344,611
ir:ir-batch6-2424,612
ir:23414,613
ir:13597,614
ir:ir-batch6-448,615
ir:101,616
ir:25378,617
ir:14792,618
ir:20185,619
ir:1285,620
ir:22861,621
ir:22058,622
ir:20977,623
ir:1034,624
ir:ir-batch6-1947,625
ir:3122,626
ir:12677,627
ir:ir-batch6-2846,628
ir:21960,629
ir:10578,630
ir:25606,631
ir:1800,632
ir:ir-batch6-2266,633
ir:956,634
ir:ir-batch6-5435,635
ir:24115,636
ir:16128,637
ir:1581,638
ir:ir-batch6-837,639
ir:2704,640
ir:ir-batch6-3344,641
ir:21061,642
ir:6035,643
ir:25733,644
ir:23920,645
ir:24781,646
ir:1315,647
ir:24465,648
ir:ir-batch6-384,649
ir:25935,650
ir:9770,651
ir:ir-batch6-1113,652
ir:ir-batch6-1403,653
ir:1582,654
ir:25315,655
ir:20392,656
ir:21900,657
ir:10211,658
ir:ir-batch6-2265,659
ir:21191,660
ir:ir-batch6-5458,661
ir:20186,662
ir:ir-batch6-3831,663
ir:ir-batch7-123,664
ir:25162,665
ir:14098,666
ir:ir-batch6-652,667
ir:ir-batch6-2883,668
ir:ir-batch6-190,669
ir:ir-batch6-1045,670
ir:4188,671
ir:25529,672
ir:21705,673
ir:13584,674
ir:ir-batch6-3324,675
ir:286,676
ir:9683,677
ir:4495,678
ir:ir-batch6-3904,679
ir:21062,680
ir:9648,681
ir:ir-batch6-857,682
ir:23522,683
ir:ir-batch6-4142,684
ir:368,685
ir:24168,686
ir:16155,687
ir:ir-batch6-3772,688
ir:22046,689
ir:ir-batch6-5155,690
ir:926,691
ir:ir-batch6-3015,692
ir:10262,693
ir:ir-batch6-2386,694
ir:ir-batch6-5854,695
ir:21562,696
ir:ir-batch6-824,697
ir:296,698
ir:21501,699
ir:24096,700
ir:25047,701
ir:11192,702
ir:ir-batch6-3430,703
ir:ir-batch6-2159,704
ir:ir-batch11-108,705
ir:15668,706
ir:ir-batch6-4509,707
ir:ir-batch6-3681,708
ir:ir-batch6-4843,709
ir:ir-batch6-5513,710
ir:9161,711
ir:1358,712
ir:ir-batch6-5586,713
ir:ir-batch6-1578,714
ir:ir-batch6-2164,715
ir:1451,716
ir:ir-batch6-5737,717
ir:21042,718
ir:ir-batch6-2474,719
ir:11950,720
ir:22629,721
ir:ir-batch6-3463,722
ir:ir-batch6-819,723
ir:569,724
ir:24892,725
ir:14128,726
ir:24279,727
ir:21876,728
ir:ir-batch6-5792,729
ir:1074,730
ir:6337,731
ir:ir-batch6-1654,732
ir:21177,733
ir:ir-batch6-2868,734
ir:ir-batch12-183,735
ir:5293,736
ir:451,737
ir:ir-batch6-921,738
ir:20669,739
ir:23216,740
ir:4546,741
ir:20413,742
ir:ir-batch6-2245,743
ir:24136,744
ir:23459,745
ir:21584,746
ir:ir-batch6-809,747
ir:3539,748
ir:7846,749
ir:23396,750
ir:20741,751
ir:22657,752
ir:2586,753
ir:4304,754
ir:9171,755
ir:ir-batch6-247,756
ir:ir-batch6-1078,757
ir:25067,758
ir:ir-batch6-5596,759
ir:22634,760
ir:21109,761
ir:ir-batch6-2255,762
ir:ir-batch6-5116,763
ir:9233,764
ir:23265,765
ir:20949,766
ir:ir-batch6-3546,767
ir:10752,768
ir:906,769
ir:ir-batch6-4472,770
ir:ir-batch6-5178,771
ir:20674,772
ir:ir-batch6-4464,773
ir:ir-batch6-1699,774
ir:ir-batch6-3874,775
ir:24904,776
ir:11730,777
ir:21948,778
ir:ir-batch6-679,779
ir:23519,780
ir:25623,781
ir:ir-batch6-6134,782
ir:4168,783
ir:ir-batch6-2101,784
ir:ir-batch6-3468,785
ir:ir-batch6-5580,786
ir:14123,787
ir:21027,788
ir:22332,789
ir:ir-batch6-2605,790
ir:ir-batch6-5546,791
ir:266,792
ir:21870,793
ir:ir-batch6-2298,794
ir:24681,795
ir:ir-batch6-2720,796
ir:ir-batch6-413,797
ir:4533,798
ir:20672,799
ir:22274,800
ir:15776,801
ir:ir-batch6-1911,802
ir:ir-batch7-115,803
ir:ir-batch6-1689,804
ir:ir-batch6-937,805
ir:25444,806
ir:ir-batch6-1719,807
ir:20553,808
ir:ir-batch6-526,809
ir:14907,810
ir:24884,811
ir:ir-batch6-1881,812
ir:ir-batch6-4051,813
ir:25571,814
ir:22322,815
ir:ir-batch6-222,816
ir:2801,817
ir:12010,818
ir:25097,819
ir:25587,820
ir:ir-batch6-3445,821
ir:23366,822
ir:20777,823
ir:ir-batch6-578,824
ir:22478,825
ir:24252,826
ir:ir-batch6-3322,827
ir:22602,828
ir:ir-batch6-3448,829
ir:ir-batch6-1234,830
ir:23029,831
ir:ir-batch6-1176,832
ir:ir-batch6-4633,833
ir:ir-batch6-3570,834
ir:2691,835
ir:21487,836
ir:ir-batch6-4960,837
ir:13378,838
ir:ir-batch6-5430,839
ir:15552,840
ir:ir-batch6-2710,841
ir:9776,842
ir:22737,843
ir:20399,844
ir:25107,845
ir:ir-batch6-1989,846
ir:14287,847
ir:995,848
ir:21441,849
ir:ir-batch6-6021,850
ir:3454,851
ir:ir-batch6-5762,852
ir:780,853
ir:ir-batch6-1867,854
ir:23101,855
ir:21507,856
ir:24862,857
ir:ir-batch6-4883,858
ir:25258,859
ir:ir-batch6-5701,860
ir:5918,861
ir:ir-batch6-1543,862
ir:ir-batch6-506,863
ir:ir-batch10-115,864
ir:20510,865
ir:ir-batch6-1030,866
ir:ir-batch6-3436,867
ir:1300,868
ir:ir-batch6-6109,869
ir:21203,870
ir:7668,871
ir:21978,872
ir:23285,873
ir:ir-batch6-3264,874
ir:24957,875
ir:404,876
ir:ir-batch6-5904,877
ir:1818,878
ir:21648,879
ir:ir-batch6-3844,880
ir:20389,881
ir:7375,882
ir:1235,883
ir:ir-batch6-433,884
ir:ir-batch6-1523,885
ir:ir-batch6-4776,886
ir:ir-batch6-3435,887
ir:ir-batch6-1759,888
ir:13743,889
ir:21077,890
ir:ir-batch6-1754,891
ir:1464,892
ir:25119,893
ir:ir-batch6-4439,894
ir:5260,895
ir:21335,896
ir:ir-batch6-3563,897
ir:22781,898
ir:22239,899
ir:1745,900
ir:13928,901
ir:20445,902
ir:ir-batch6-430,903
ir:24954,904
ir:22595,905
ir:117,906
ir:21628,907
ir:2354,908
ir:ir-batch6-1602,909
ir:ir-batch6-1168,910
ir:24374,911
ir:25467,912
ir:5564,913
ir:20632,914
ir:ir-batch6-4685,915
ir:21499,916
ir:25099,917
ir:ir-batch6-1817,918
ir:24048,919
ir:13220,920
ir:ir-batch6-3480,921
ir:12879,922
ir:13581,923
ir:6586,924
ir:587,925
ir:25584,926
ir:23616,927
ir:ir-batch9-115,928
ir:9623,929
ir:2575,930
ir:736,931
ir:21273,932
ir:23027,933
ir:20332,934
ir:15875,935
ir:1758,936
ir:23537,937
ir:20641,938
ir:23554,939
ir:21328,940
ir:417,941
ir:21442,942
ir:ir-batch6-4424,943
ir:ir-batch6-5627,944
ir:ir-batch6-3573,945
ir:ir-batch6-4388,946
ir:ir-batch6-3063,947
ir:ir-batch6-3000,948
ir:ir-batch6-639,949
ir:ir-batch6-5392,950
ir:ir-batch12-103,951
ir:21162,952
ir:20922,953
ir:ir-batch6-1332,954
ir:20468,955
ir:ir-batch6-4998,956
ir:11786,957
ir:ir-batch6-2592,958
ir:ir-batch13-128,959
ir:960,960
ir:24649,961
ir:22709,962
ir:ir-batch6-2813,963
ir:2732,964
ir:4921,965
ir:ir-batch6-799,966
ir:21285,967
ir:ir-batch6-221,968
ir:20879,969
ir:26100,970
ir:ir-batch6-525,971
ir:1192,972
ir:25705,973
ir:16251,974
ir:5665,975
ir:20023,976
ir:9360,977
ir:20475,978
ir:1265,979
ir:ir-batch6-4610,980
ir:9245,981
ir:ir-batch6-3530,982
ir:ir-batch6-619,983
ir:ir-batch6-5160,984
ir:ir-batch6-4467,985
ir:ir-batch6-5954,986
ir:21618,987
ir:24327,988
ir:ir-batch6-4985,989
ir:22824,990
ir:ir-batch6-1769,991
ir:ir-batch6-3115,992
ir:21788,993
ir:ir-batch6-4815,994
ir:14647,995
ir:1350,996
ir:ir-batch6-3466,997
ir:ir-batch6-1859,998
ir:10301,999
ir:ir-batch6-1274,1000
ir:20244,1001
ir:ir-batch6-742,1002
ir:ir-batch6-4042,1003
